Overall Rank,Player Name,Position,Team,Bye Week,ESPN Rank,Yahoo Rank,CBS Rank,FantasyPros Rank,Avg Rank,Likely Available (Pick #),Drafted,My Player
1,Bijan Robinson,RB,ATL,12,1,1,1,1,1.0,1,No,No
2,Saquon Barkley,RB,PHI,5,2,2,2,2,2.0,2,No,No
3,Breece Hall,RB,NYJ,12,3,3,3,3,3.0,3,No,No
4,Christian McCaffrey,RB,SF,9,4,4,4,4,4.0,4,No,No
5,Ja'Marr Chase,WR,CIN,12,5,5,5,5,5.0,5,No,No
6,Kyren Williams,RB,LAR,6,6,6,6,6,6.0,6,No,No
7,Jahmyr Gibbs,RB,DET,5,7,7,7,7,7.0,7,No,No
8,CeeDee Lamb,WR,DAL,7,8,8,8,8,8.0,8,No,No
9,Jonathan Taylor,RB,IND,14,9,9,9,9,9.0,9,No,No
10,A.J. Brown,WR,PHI,5,10,10,10,10,10.0,10,No,No
11,Tyreek Hill,WR,MIA,6,11,11,11,11,11.0,11,No,No
12,De'Von Achane,RB,MIA,6,12,12,12,12,12.0,12,No,No
13,Amon-Ra St. Brown,WR,DET,5,13,13,13,13,13.0,13,No,No
14,Derrick Henry,RB,BAL,14,14,14,14,14,14.0,14,No,No
15,Garrett Wilson,WR,NYJ,12,15,15,15,15,15.0,15,No,No
16,Puka Nacua,WR,LAR,6,16,16,16,16,16.0,16,No,No
17,Kenneth Walker III,RB,SEA,10,17,17,17,17,17.0,17,No,No
18,Mike Evans,WR,TB,11,18,18,18,18,18.0,18,No,No
19,Stefon Diggs,WR,HOU,14,19,19,19,19,19.0,19,No,No
20,Chris Olave,WR,NO,12,20,20,20,20,20.0,20,No,No
21,DJ Moore,WR,CHI,7,21,21,21,21,21.0,21,No,No
22,Alvin Kamara,RB,NO,12,22,22,22,22,22.0,22,No,No
23,Isiah Pacheco,RB,KC,6,23,23,23,23,23.0,23,No,No
24,Jayden Daniels,QB,WAS,14,24,24,24,24,24.0,24,No,No
25,Travis Kelce,TE,KC,6,25,25,25,25,25.0,25,No,No
26,Davante Adams,WR,NYJ,12,26,26,26,26,26.0,26,No,No
27,Joe Mixon,RB,HOU,14,27,27,27,27,27.0,27,No,No
28,Josh Allen,QB,BUF,12,28,28,28,28,28.0,28,No,No
29,Deebo Samuel,WR,SF,9,29,29,29,29,29.0,29,No,No
30,Lamar Jackson,QB,BAL,14,30,30,30,30,30.0,30,No,No
31,James Cook,RB,BUF,12,31,31,31,31,31.0,31,No,No
32,Malik Nabers,WR,NYG,11,32,32,32,32,32.0,32,No,No
33,Rachaad White,RB,TB,11,33,33,33,33,33.0,33,No,No
34,Drake London,WR,ATL,12,34,34,34,34,34.0,34,No,No
35,Tee Higgins,WR,CIN,12,35,35,35,35,35.0,35,No,No
36,Sam LaPorta,TE,DET,5,36,36,36,36,36.0,36,No,No
37,Josh Jacobs,RB,GB,10,37,37,37,37,37.0,37,No,No
38,Marvin Harrison Jr.,WR,ARI,11,38,38,38,38,38.0,38,No,No
39,Aaron Jones,RB,MIN,6,39,39,39,39,39.0,39,No,No
40,Mark Andrews,TE,BAL,14,40,40,40,40,40.0,40,No,No
41,Brock Bowers,TE,LV,10,41,41,41,41,41.0,41,No,No
42,Calvin Ridley,WR,TEN,5,42,42,42,42,42.0,42,No,No
43,Tank Dell,WR,HOU,14,43,43,43,43,43.0,43,No,No
44,Jaylen Waddle,WR,MIA,6,44,44,44,44,44.0,44,No,No
45,Anthony Richardson,QB,IND,14,45,45,45,45,45.0,45,No,No
46,Brian Robinson Jr.,RB,WAS,14,46,46,46,46,46.0,46,No,No
47,Amari Cooper,WR,CLE,10,47,47,47,47,47.0,47,No,No
48,George Pickens,WR,PIT,9,48,48,48,48,48.0,48,No,No
49,Dak Prescott,QB,DAL,7,49,49,49,49,49.0,49,No,No
50,Rhamondre Stevenson,RB,NE,14,50,50,50,50,50.0,50,No,No
51,Rome Odunze,WR,CHI,7,51,51,51,51,51.0,51,No,No
52,Jordan Love,QB,GB,10,52,52,52,52,52.0,52,No,No
53,Evan Engram,TE,JAC,12,53,53,53,53,53.0,53,No,No
54,Zay Flowers,WR,BAL,14,54,54,54,54,54.0,54,No,No
55,Cooper Kupp,WR,LAR,6,55,55,55,55,55.0,55,No,No
56,Najee Harris,RB,PIT,9,56,56,56,56,56.0,56,No,No
57,Nico Collins,WR,HOU,14,57,57,57,57,57.0,57,No,No
58,D'Andre Swift,RB,CHI,7,58,58,58,58,58.0,58,No,No
59,Tua Tagovailoa,QB,MIA,6,59,59,59,59,59.0,59,No,No
60,Kyle Pitts,TE,ATL,12,60,60,60,60,60.0,60,No,No
61,Chuba Hubbard,RB,CAR,11,61,61,61,61,61.0,61,No,No
62,Diontae Johnson,WR,CAR,11,62,62,62,62,62.0,62,No,No
63,Jerry Jeudy,WR,CLE,10,63,63,63,63,63.0,63,No,No
64,Courtland Sutton,WR,D
